Category,Name,Color,Price,Image URLs,Description,Product URL,Unique Name
shoes,Cambridge,: BLACK SUEDE,$79.95,"https://www.lakai.com/cdn/shop/files/CAMBRIDGE_BLACK_SUEDE.png?v=1743822131&width=1000, https://www.lakai.com/cdn/shop/files/2rev_24180e30-2ba9-4267-af4a-ab6981a07fd7.jpg?v=1743600737&width=1000, https://www.lakai.com/cdn/shop/files/3top_9f431ad7-5cb6-4f25-9fc4-34664f607b91.jpg?v=1743600737&width=1000, https://www.lakai.com/cdn/shop/files/4still.jpg?v=1743600737&width=1000, https://www.lakai.com/cdn/shop/files/320A3650_Large_fcabd8a5-0051-4af2-a38f-1e8ad49cac27.png?v=1743600929&width=1000, https://www.lakai.com/cdn/shop/files/320A3695_Large_18593263-6598-45e3-9459-3f2b6c4117a0.png?v=1743600929&width=1000","The Black Suede Cambridge consists of mixed materials including suede, mesh, and perforated synthetic leather, giving the shoe a modern look without forfeiting its vintage vibe. The Cambridge has been paired with a PARA-MOUNT™ outsole, our most advanced vulcanized outsole to date, and finished with a DELUX-LITE™ footbed.",https://www.lakai.com/products/cambridge-black-suede,cambridge-black-suede
shoes,Cambridge,: BLACK/GREY SUEDE,$79.95,"https://www.lakai.com/cdn/shop/files/Cambridge_Black_Grey_Suede_GreyLogo_2025Spring_Lakai_Main_9b0ea196-b17e-435b-823b-505d28e1b3d1.jpg?v=1743753640&width=1000, https://www.lakai.com/cdn/shop/files/1still_947d2818-a953-4be8-bbe1-a20b23217a91.jpg?v=1743753625&width=1000, https://www.lakai.com/cdn/shop/files/2rev_be9078ca-df2b-4313-9283-e017a39686a8.jpg?v=1743753625&width=1000, https://www.lakai.com/cdn/shop/files/3top_fde140e9-4ab0-40e4-9a7f-d800aa22a5a0.jpg?v=1743753625&width=1000, https://www.lakai.com/cdn/shop/files/4sole_c0dafb01-398d-4acf-8708-00f32cb9b267.jpg?v=1743753625&width=1000","The Cambridge consists of mixed materials including suede, mesh, and perforated synthetic leather, giving the shoe a modern look without forfeiting its vintage vibe. The Cambridge has been paired with a PARA-MOUNT™ outsole, our most advanced vulcanized outsole to date, and finished with a DELUX-LITE™ footbed.",https://www.lakai.com/products/cambridge-black-grey-suede-ms1250252a00,cambridge-black-grey-suede-ms1250252a00
shoes,Cambridge,: BLACK/GUM SUEDE,$79.95,"https://www.lakai.com/cdn/shop/files/Cambridge_black_gum_suede_main_025spring.jpg?v=1743653767&width=1000, https://www.lakai.com/cdn/shop/files/Cambridge_black_gum_suede_uppermedial_2025spring.png?v=1743653767&width=1000, https://www.lakai.com/cdn/shop/files/3top_0d1f082f-c9c6-4e75-aa2e-f8e3b99f6871.jpg?v=1743653767&width=1000, https://www.lakai.com/cdn/shop/files/4sole_fcefee71-51c1-4ad9-a79d-650f65e0a988.jpg?v=1743653767&width=1000, https://www.lakai.com/cdn/shop/files/Cambridge_black_gum_suede_Romanlifestyle2_2025spring.png?v=1743653762&width=1000, https://www.lakai.com/cdn/shop/files/Cambridge_black_gum_suede_Romanlifestyle1_2025spring_Large_101afbb6-2752-4c0b-b3dd-41e77f3d2e34.png?v=1743653762&width=1000","The Cambridge consists of mixed materials including suede, mesh, and perforated synthetic leather, giving the shoe a modern look without forfeiting its vintage vibe. The Cambridge has been paired with a PARA-MOUNT™ outsole, our most advanced vulcanized outsole to date, and finished with a DELUX-LITE™ footbed.",https://www.lakai.com/products/cambridge-black-gum-suede-ms3200252a00,cambridge-black-gum-suede-ms3200252a00
shoes,Cambridge,: BLACK/WHITE SUEDE,$79.95,"https://www.lakai.com/cdn/shop/products/CAMBRIDGE_BLACK-WHITE-SUEDE_MS2210252A00_BKWTS_01.jpg?v=1620414620&width=1000, https://www.lakai.com/cdn/shop/products/CAMBRIDGE_BLACK-WHITE-SUEDE_MS2210252A00_BKWTS_02.jpg?v=1620414620&width=1000, https://www.lakai.com/cdn/shop/products/CAMBRIDGE_BLACK-WHITE-SUEDE_MS2210252A00_BKWTS_03.jpg?v=1620414620&width=1000, https://www.lakai.com/cdn/shop/products/CAMBRIDGE_BLACK-WHITE-SUEDE_MS2210252A00_BKWTS_04.jpg?v=1620414620&width=1000, https://www.lakai.com/cdn/shop/files/Cambridge_044_film_grain.jpg?v=1732766963&width=1000, https://www.lakai.com/cdn/shop/files/Cambridge_046_film_grain_1.jpg?v=1732766963&width=1000, https://www.lakai.com/cdn/shop/files/Cambridge_048_film_grain.jpg?v=1732766963&width=1000, https://www.lakai.com/cdn/shop/files/Cambridge_055_film_grain.jpg?v=1732766963&width=1000, https://www.lakai.com/cdn/shop/files/Cambridge_056_film_grain.jpg?v=1732766963&width=1000, https://www.lakai.com/cdn/shop/files/Cambridge_058_film_grain.jpg?v=1732766963&width=1000, https://www.lakai.com/cdn/shop/files/2rev_d47d4a33-2d1b-4709-b145-4ecb773ed332.jpg?v=1743572892&width=1000, https://www.lakai.com/cdn/shop/files/3top_e6db92a1-d3f0-4552-88a4-35ee9670d212.jpg?v=1743572892&width=1000, https://www.lakai.com/cdn/shop/files/4sole_d2cb8bae-3ed1-439b-9740-66f19db34249.jpg?v=1743572892&width=1000, https://www.lakai.com/cdn/shop/files/1still_2840466d-2849-404d-bdb4-0719318830eb.jpg?v=1743572892&width=1000","The Cambridge consists of mixed materials including suede, mesh, and perforated synthetic leather, giving the shoe a modern look without forfeiting its vintage vibe. The Cambridge has been paired with a PARA-MOUNT™ outsole, our most advanced vulcanized outsole to date, and finished with a DELUX-LITE™ footbed.",https://www.lakai.com/products/cambridge-black-white-suede-ms2210252a00,cambridge-black-white-suede-ms2210252a00
shoes,Cambridge,: CHARCOAL SUEDE,$79.95,"https://www.lakai.com/cdn/shop/files/Cambridge_charcoal_suede_mainshopify_2025spring2_5be6e62b-e7a3-4076-b78a-409cec73e793.jpg?v=1743822196&width=1000, https://www.lakai.com/cdn/shop/files/Cambridge_Charcoal_Suede_charcoal_sole__Roman2_Large_9ac90eba-a84e-4844-936e-49f27be389e1.png?v=1743835998&width=1000, https://www.lakai.com/cdn/shop/files/Cambridge_charcoal_suede_medialupper_2025spring.png?v=1743835998&width=1000, https://www.lakai.com/cdn/shop/files/Cambridge_charcoal_suede_top_2025spring.png?v=1743835998&width=1000, https://www.lakai.com/cdn/shop/files/Cambridge_charcoal_suede_sole_2025spring.png?v=1743835998&width=1000, https://www.lakai.com/cdn/shop/files/Cambridge_Charcoal_Suede_charcoal_sole__Roman_Large_65fe4a77-223b-410f-9784-7cd0548c628a.png?v=1743653692&width=1000","The Cambridge consists of mixed materials including suede, mesh, and perforated synthetic leather, giving the shoe a modern look without forfeiting its vintage vibe. The Cambridge has been paired with a PARA-MOUNT™ outsole, our most advanced vulcanized outsole to date, and finished with a DELUX-LITE™ footbed.",https://www.lakai.com/products/cambridge-charcoal-suede,cambridge-charcoal-suede
shoes,Cambridge,: CHARCOAL/WHITE SUEDE,$79.95,"https://www.lakai.com/cdn/shop/files/Cambridge_Charcoal_Suede_White_Sole_Main_Spring2025_Lakai.jpg?v=1743753941&width=1000, https://www.lakai.com/cdn/shop/files/SY4SEzYF_1_1.jpg?v=1744041519&width=1000, https://www.lakai.com/cdn/shop/files/Cambridge_Charcoal_Suede_White_Sole_UpperMedial_Spring2025_Lakai.jpg?v=1744041519&width=1000, https://www.lakai.com/cdn/shop/files/Cambridge_Charcoal_Suede_White_Sole_Side_Spring2025_Lakai_04bc08e8-115b-4321-ab6c-73f27833d650.jpg?v=1744041519&width=1000, https://www.lakai.com/cdn/shop/files/Cambridge_Charcoal_Suede_White_Sole_Top_Spring2025_Lakai.jpg?v=1744041519&width=1000, https://www.lakai.com/cdn/shop/files/Cambridge_Charcoal_Suede_White_Sole_Sole_Spring2025_Lakai.jpg?v=1744041519&width=1000","The Charcoal Suede Cambridge consists of mixed materials including suede, mesh, and perforated synthetic leather, giving the shoe a modern look without forfeiting its vintage vibe. The Cambridge has been paired with a PARA-MOUNT™ outsole, our most advanced vulcanized outsole to date, and finished with a DELUX-LITE™ footbed.",https://www.lakai.com/products/cambridge-charcoal-suede-ms4230252a00,cambridge-charcoal-suede-ms4230252a00
shoes,Cambridge,: CREAM SUEDE,$79.95,"https://www.lakai.com/cdn/shop/files/CAMBRIDGE_CREAM-SUEDE_MS1240252A00_CRMSD_01b.jpg?v=1743600526&width=1000, https://www.lakai.com/cdn/shop/files/Cambridge_cream_suede_medialupper_2025spring.png?v=1743600526&width=1000, https://www.lakai.com/cdn/shop/files/Cambridge_cream_suede_top_2025spring.png?v=1743600526&width=1000, https://www.lakai.com/cdn/shop/files/Cambridge_cream_suede_sole_2025spring.png?v=1743600526&width=1000, https://www.lakai.com/cdn/shop/files/Cambridge_cream_suede_RomanLifestyle1_2025spring.png?v=1743600526&width=1000, https://www.lakai.com/cdn/shop/files/Cambridge_cream_suede_RomanLifestyle3_2025spring_Large_e9893770-4edb-4af5-bbd5-69db216a23c6.png?v=1743600526&width=1000, https://www.lakai.com/cdn/shop/files/processed_25.jpg?v=1743600526&width=1000, https://www.lakai.com/cdn/shop/files/processed_29.jpg?v=1743600526&width=1000","The Cream Suede Cambridge consists of mixed materials including suede, mesh, and perforated synthetic leather, giving the shoe a modern look without forfeiting its vintage vibe. The Cambridge has been paired with a PARA-MOUNT™ outsole, our most advanced vulcanized outsole to date, and finished with a DELUX-LITE™ footbed.",https://www.lakai.com/products/cambridge-cream-suede-ms1240252a00,cambridge-cream-suede-ms1240252a00
shoes,Cambridge,: NAVY/RED SUEDE,$79.95,"https://www.lakai.com/cdn/shop/files/Cambridge_Navy_Suede_Red_Logo_Main_Spring2025_Lakai.jpg?v=1743755079&width=1000, https://www.lakai.com/cdn/shop/files/CAMBRIDGE_22_1.png?v=1744169133&width=1000, https://www.lakai.com/cdn/shop/files/Cambridge_Navy_Red_Suede_MS1250252A00_Lifestyle_Portrait_Liam_Cavanaugh_2_1_1.jpg?v=1744169133&width=1000, https://www.lakai.com/cdn/shop/files/Cambridge_Navy_Suede_Red_Logo_Side_Spring2025_Lakai.jpg?v=1744169133&width=1000, https://www.lakai.com/cdn/shop/files/Cambridge_Navy_Suede_Red_Logo_UpperMedial_Spring2025_Lakai.jpg?v=1744169133&width=1000, https://www.lakai.com/cdn/shop/files/Cambridge_Navy_Suede_Red_Logo_Top_Spring2025_Lakai.jpg?v=1744169133&width=1000, https://www.lakai.com/cdn/shop/files/Cambridge_Navy_Suede_Red_Logo_Sole_Spring2025_Lakai.jpg?v=1744169133&width=1000","The Cambridge consists of mixed materials including suede, mesh, and perforated synthetic leather, giving the shoe a modern look without forfeiting its vintage vibe. The Cambridge has been paired with a PARA-MOUNT™ outsole, our most advanced vulcanized outsole to date, and finished with a DELUX-LITE™ footbed.",https://www.lakai.com/products/cambridge-navy-red-suede-ms1250252a00,cambridge-navy-red-suede-ms1250252a00
shoes,Cambridge,: WHITE LEATHER,$79.95,"https://www.lakai.com/cdn/shop/files/CAMBRIDGE_WHITE-LEATHER_MS3240252A00_WHLTR_01.jpg?v=1743600570&width=1000, https://www.lakai.com/cdn/shop/files/CAMBRIDGE_13_1.png?v=1743977232&width=1000, https://www.lakai.com/cdn/shop/files/Cambridge_white_leather_Roman2_2025spring.png?v=1743977232&width=1000, https://www.lakai.com/cdn/shop/files/Cambridge_white_leather_Roman1_2025spring.png?v=1743977232&width=1000, https://www.lakai.com/cdn/shop/files/Cambridge_white_leather_uppermedial_2025spring.png?v=1743977232&width=1000, https://www.lakai.com/cdn/shop/files/Cambridge_white_leather_top_2025spring.png?v=1743977232&width=1000, https://www.lakai.com/cdn/shop/files/4sole_e010ff1b-c8a2-4016-a518-75c2f98afb06.jpg?v=1743977232&width=1000","The White Leather Cambridge consists of mixed materials including suede, mesh, and perforated synthetic leather. The Cambridge has been paired with a PARA-MOUNT™ outsole, our most advanced vulcanized outsole to date, and finished with a DELUX-LITE™ footbed.",https://www.lakai.com/products/cambridge-white-leather-ms3240252a00,cambridge-white-leather-ms3240252a00
shoes,Cambridge,: WHITE/GREEN LEATHER,$79.95,"https://www.lakai.com/cdn/shop/files/Cambridge_White_Leather_Green_Logo_Main_Spring2025_Lakai.jpg?v=1743755300&width=1000, https://www.lakai.com/cdn/shop/files/CAMBRIDGE_2.png?v=1743976966&width=1000, https://www.lakai.com/cdn/shop/files/Cambridge_White_Leather_Green_Logo_Side_Spring2025_Lakai.jpg?v=1743976966&width=1000, https://www.lakai.com/cdn/shop/files/Cambridge_White_Leather_Green_Logo_UpperMedial_Spring2025_Lakai.jpg?v=1743976966&width=1000, https://www.lakai.com/cdn/shop/files/Cambridge_White_Leather_Green_Logo_Top_Spring2025_Lakai.jpg?v=1743976966&width=1000, https://www.lakai.com/cdn/shop/files/Cambridge_White_Leather_Green_Logo_Sole_Spring2025_Lakai.jpg?v=1743976966&width=1000","The Cambridge consists of mixed materials including suede, mesh, and perforated synthetic leather, giving the shoe a modern look without forfeiting its vintage vibe. The Cambridge has been paired with a PARA-MOUNT™ outsole, our most advanced vulcanized outsole to date, and finished with a DELUX-LITE™ footbed.",https://www.lakai.com/products/cambridge-white-green-leather-ms1250252a00,cambridge-white-green-leather-ms1250252a00
shoes,Cambridge,: WHITE/YELLOW SUEDE,$79.95,"https://www.lakai.com/cdn/shop/files/Cambridge_White_Leather_Yellow_Logo_Main_Spring2025_Lakai.jpg?v=1743755164&width=1000, https://www.lakai.com/cdn/shop/files/Cambridge_White_Leather_Yellow_Logo_Side_Spring2025_Lakai.jpg?v=1743755228&width=1000, https://www.lakai.com/cdn/shop/files/Cambridge_White_Leather_Yellow_Logo_UpperMedial_Spring2025_Lakai.jpg?v=1743755241&width=1000, https://www.lakai.com/cdn/shop/files/Cambridge_White_Leather_Yellow_Logo_Top_Spring2025_Lakai.jpg?v=1743755249&width=1000, https://www.lakai.com/cdn/shop/files/4sole_d2af9126-60c2-4cb0-b4b5-6263508820fe.jpg?v=1743755164&width=1000","The Cambridge consists of mixed materials including suede, mesh, and perforated synthetic leather, giving the shoe a modern look without forfeiting its vintage vibe. The Cambridge has been paired with a PARA-MOUNT™ outsole, our most advanced vulcanized outsole to date, and finished with a DELUX-LITE™ footbed.",https://www.lakai.com/products/cambridge-white-leather-ms1250252a00,cambridge-white-leather-ms1250252a00
shoes,Essex,: BLACK/TECH SUEDE,$84.95,"https://www.lakai.com/cdn/shop/files/Essex_Black_Tech_Suede_Main_Spring2025_Lakai.jpg?v=1743756969&width=1000, https://www.lakai.com/cdn/shop/files/Essex_Black_Tech_Suede_UpperMedial_Spring2025_Lakai.jpg?v=1743756987&width=1000, https://www.lakai.com/cdn/shop/files/Essex_Black_Tech_Suede_Side_Spring2025_Lakai.jpg?v=1743756997&width=1000, https://www.lakai.com/cdn/shop/files/Essex_Black_Tech_Suede_Top_Spring2025_Lakai.jpg?v=1743757007&width=1000, https://www.lakai.com/cdn/shop/files/Essex_Black_Tech_Suede_Sole_Spring2025_Lakai.jpg?v=1743757017&width=1000",The Essex is our take on “Crafted Modern Design.” Classic material blocking and functional tech paneling allow for maximum breathability and instant break-in right out of the box. A timeless one-piece toe design fused with 3D printed lateral texture add durability where it’s needed. The PARA-MOUNT™ outsole technology consists of dual density rubber that provides cushioning that challenges a cupsole. The Hex-tread pattern is designed for maximum board feel. Each Hex pod moves independently which gives 360 degrees of flexibility. The new premium foam DELUX-LITE™ sockliner is designed with a deep heel cup for stability and contoured arch for comfort.,https://www.lakai.com/products/essex-black-tech-suede-ms1250263a00,essex-black-tech-suede-ms1250263a00
shoes,Essex,: WHITE/GUM LEATHER,$84.95,"https://www.lakai.com/cdn/shop/files/Essex_White_Leather_Gum_Sole_Main_Spring2025_Lakai.jpg?v=1743758152&width=1000, https://www.lakai.com/cdn/shop/files/Essex_White_Leather_Gum_Sole_Side_Spring2025_Lakai.jpg?v=1743758170&width=1000, https://www.lakai.com/cdn/shop/files/Essex_White_Leather_Gum_Sole_UpperMedial_Spring2025_Lakai.jpg?v=1743758180&width=1000, https://www.lakai.com/cdn/shop/files/Essex_White_Leather_Gum_Sole_Top_Spring2025_Lakai.jpg?v=1743758189&width=1000, https://www.lakai.com/cdn/shop/files/Essex_White_Leather_Gum_Sole_Sole_Spring2025_Lakai.jpg?v=1743758199&width=1000",The Essex is our take on “Crafted Modern Design.” Classic material blocking and functional tech paneling allow for maximum breathability and instant break-in right out of the box. A timeless one-piece toe design fused with 3D printed lateral texture add durability where it’s needed. The PARA-MOUNT™ outsole technology consists of dual density rubber that provides cushioning that challenges a cupsole. The Hex-tread pattern is designed for maximum board feel. Each Hex pod moves independently which gives 360 degrees of flexibility. The new premium foam DELUX-LITE™ sockliner is designed with a deep heel cup for stability and contoured arch for comfort.,https://www.lakai.com/products/essex-white-gum-leather-ms1250263a00,essex-white-gum-leather-ms1250263a00
shoes,Griffin,: BLACK SUEDE,$74.95,"https://www.lakai.com/cdn/shop/files/Griffin_Black_Suede_Main_Spring2025_Lakai.jpg?v=1743758725&width=1000, https://www.lakai.com/cdn/shop/files/Griffin_Black_Suede_Side_Spring2025_Lakai.jpg?v=1743758932&width=1000, https://www.lakai.com/cdn/shop/files/Griffin_Black_Suede_UpperMedial_Spring2025_Lakai.jpg?v=1743758932&width=1000, https://www.lakai.com/cdn/shop/files/Griffin_Black_Suede_Top_Spring2025_Lakai.jpg?v=1743758776&width=1000, https://www.lakai.com/cdn/shop/files/Griffin_Black_Suede_Sole_Spring2025_Lakai.jpg?v=1743758785&width=1000, https://www.lakai.com/cdn/shop/files/Griffin_016_film_grain.jpg?v=1743758709&width=1000, https://www.lakai.com/cdn/shop/files/Griffin_015_film_grain.jpg?v=1743758709&width=1000, https://www.lakai.com/cdn/shop/files/Griffin_017_film_grain.jpg?v=1743758709&width=1000, https://www.lakai.com/cdn/shop/files/Griffin_018_film_grain.jpg?v=1743758709&width=1000, https://www.lakai.com/cdn/shop/files/Griffin_019_film_grain_2.jpg?v=1743758709&width=1000, https://www.lakai.com/cdn/shop/files/Griffin_026_film_grain.jpg?v=1743758709&width=1000, https://www.lakai.com/cdn/shop/files/Griffin_027_film_grain.jpg?v=1743758709&width=1000, https://www.lakai.com/cdn/shop/files/Griffin_028_film_grain_2.jpg?v=1743758709&width=1000, https://www.lakai.com/cdn/shop/files/Griffin_029_film_grain_2.jpg?v=1743758709&width=1000, https://www.lakai.com/cdn/shop/files/Griffin_030_film_grain_2.jpg?v=1743758709&width=1000","The Griffin has our popular clean toe construction with a seamless vamp and perforated material to increase breathability. Hidden midsole crating adds a layer of shock absorption for comfort, while unique tongue branding lends the finishing detail.",https://www.lakai.com/products/griffin-black-suede-ms1200227a00,griffin-black-suede-ms1200227a00
shoes,Griffin,: BLACK/GOLD SUEDE,$74.95,"https://www.lakai.com/cdn/shop/files/Griffin_Black_Gold_Suede_Main_Spring2025_Lakai.jpg?v=1743758327&width=1000, https://www.lakai.com/cdn/shop/files/Griffin_Black_Gold_Suede_Side_Spring2025_Lakai.jpg?v=1743758341&width=1000, https://www.lakai.com/cdn/shop/files/Griffin_Black_Gold_Suede_UpperMedial_Spring2025_Lakai.jpg?v=1743758351&width=1000, https://www.lakai.com/cdn/shop/files/Griffin_Black_Gold_Suede_Top_Spring2025_Lakai.jpg?v=1743758360&width=1000, https://www.lakai.com/cdn/shop/files/Griffin_Black_Gold_Suede_Sole_Spring2025_Lakai.jpg?v=1743758369&width=1000","The Griffin has our popular clean toe construction with a seamless vamp and perforated material to increase breathability. Hidden midsole crating adds a layer of shock absorption for comfort, while unique tongue branding lends the finishing detail.",https://www.lakai.com/products/griffin-black-gold-suede-ms1250227a00,griffin-black-gold-suede-ms1250227a00
shoes,Griffin,: WHITE/PINE LEATHER,$74.95,"https://www.lakai.com/cdn/shop/files/Griffin_White_Pine_Leather_Main_Spring2025_Lakai.jpg?v=1743759137&width=1000, https://www.lakai.com/cdn/shop/files/Griffin_White_Pine_Leather_Side_Spring2025_Lakai.jpg?v=1743759178&width=1000, https://www.lakai.com/cdn/shop/files/Griffin_White_Pine_Leather_UpperMedial_Spring2025_Lakai.jpg?v=1743759188&width=1000, https://www.lakai.com/cdn/shop/files/Griffin_White_Pine_Leather_Top_Spring2025_Lakai.jpg?v=1743759203&width=1000, https://www.lakai.com/cdn/shop/files/Griffin_White_Pine_Leather_Sole_Spring2025_Lakai.jpg?v=1743759214&width=1000","The Griffin has our popular clean toe construction with a seamless vamp and perforated material to increase breathability. Hidden midsole crating adds a layer of shock absorption for comfort, while unique tongue branding lends the finishing detail.",https://www.lakai.com/products/griffin-white-pine-leather-ms1250227a00,griffin-white-pine-leather-ms1250227a00
shoes,Griffin,: YELLOW/GUM SUEDE,$74.95,"https://www.lakai.com/cdn/shop/files/Griffin_Yellow_Suede_Gum_Sole_Main_Spring2025_Lakai.jpg?v=1743825777&width=1000, https://www.lakai.com/cdn/shop/files/Griffin_Yellow_Gum_Suede_MS1250227A00_Lifestyle_Portrait_Liam_Cavanaugh_5_1_1.jpg?v=1743822033&width=1000, https://www.lakai.com/cdn/shop/files/Griffin_Yellow_Gum_Suede_MS1250227A00_Lifestyle_Portrait_Liam_Cavanaugh_6_1_1.jpg?v=1743822033&width=1000, https://www.lakai.com/cdn/shop/files/Griffin_Yellow_Suede_Gum_Sole_Side_Spring2025_Lakai.jpg?v=1743822033&width=1000, https://www.lakai.com/cdn/shop/files/Griffin_Yellow_Suede_Gum_Sole_UpperMedial_Spring2025_Lakai.jpg?v=1743822033&width=1000, https://www.lakai.com/cdn/shop/files/Griffin_Yellow_Suede_Gum_Sole_Top_Spring2025_Lakai.jpg?v=1743822033&width=1000, https://www.lakai.com/cdn/shop/files/Griffin_Yellow_Suede_Gum_Sole_Bottom_Spring2025_Lakai.jpg?v=1743822033&width=1000","The Griffin has our popular clean toe construction with a seamless vamp and perforated material to increase breathability. Hidden midsole crating adds a layer of shock absorption for comfort, while unique tongue branding lends the finishing detail.",https://www.lakai.com/products/griffin-yellow-gum-suede-ms1250227a00,griffin-yellow-gum-suede-ms1250227a00
shoes,Manchester,: BLACK SUEDE,$79.95,"https://www.lakai.com/cdn/shop/products/MANCHESTER_BLACK-SUEDE_MS1200200A00_BLKSD_01.jpg?v=1743822258&width=1000, https://www.lakai.com/cdn/shop/products/MANCHESTER_BLACK-SUEDE_MS1200200A00_BLKSD_02.jpg?v=1582936159&width=1000, https://www.lakai.com/cdn/shop/products/MANCHESTER_BLACK-SUEDE_MS1200200A00_BLKSD_03.jpg?v=1582936159&width=1000, https://www.lakai.com/cdn/shop/products/MANCHESTER_BLACK-SUEDE_MS1200200A00_BLKSD_04.jpg?v=1582936159&width=1000, https://www.lakai.com/cdn/shop/files/Manchester_016_film_grain.jpg?v=1732769636&width=1000, https://www.lakai.com/cdn/shop/files/Manchester_017_film_grain.jpg?v=1732769636&width=1000, https://www.lakai.com/cdn/shop/files/Manchester_018_film_grain.jpg?v=1732769636&width=1000, https://www.lakai.com/cdn/shop/files/Manchester_019_film_grain.jpg?v=1732769636&width=1000, https://www.lakai.com/cdn/shop/files/Manchester_020_film_grain.jpg?v=1732769636&width=1000, https://www.lakai.com/cdn/shop/files/Manchester_024_film_grain.jpg?v=1732769482&width=1000, https://www.lakai.com/cdn/shop/files/Manchester_028_film_grain.jpg?v=1732769482&width=1000, https://www.lakai.com/cdn/shop/files/Manchester_022_film_grain.jpg?v=1732769482&width=1000, https://www.lakai.com/cdn/shop/files/Manchester_026_film_grain.jpg?v=1732769482&width=1000, https://www.lakai.com/cdn/shop/files/Manchester_029_film_grain.jpg?v=1732769482&width=1000, https://www.lakai.com/cdn/shop/files/Manchester_025_film_grain.jpg?v=1732769482&width=1000, https://www.lakai.com/cdn/shop/files/Manchester_021_film_grain.jpg?v=1732769482&width=1000, https://www.lakai.com/cdn/shop/files/Manchester_027_film_grain.jpg?v=1732769482&width=1000, https://www.lakai.com/cdn/shop/files/Manchester_023_film_grain.jpg?v=1732769482&width=1000","The Manchester continues to be the people's choice since we first introduced this shoe in 2007. Simple Ingredients - A clean toe, basic panels and classic vulcanized construction combined with the Lakai flare are all that's needed to create of skateboarding's most iconic shoes.",https://www.lakai.com/products/manchester-black-suede-ms1200200a00,manchester-black-suede-ms1200200a00
shoes,Manchester,: LIGHT BLUE SUEDE,$79.95,"https://www.lakai.com/cdn/shop/files/Manchester_Light_Blue_Suede_Main_Spring2025_Lakai.jpg?v=1743759770&width=1000, https://www.lakai.com/cdn/shop/files/Cambridge_LightBlueSuede_ms1250200a00_Lifestyle_Landscape_25Q1_CharlieTalman_7.jpg?v=1743820961&width=1000, https://www.lakai.com/cdn/shop/files/Manchester_Light_Blue_Suede_Side_Spring2025_Lakai.jpg?v=1743820961&width=1000, https://www.lakai.com/cdn/shop/files/Manchester_Light_Blue_Suede_UpperMedial_Spring2025_Lakai.jpg?v=1743820961&width=1000, https://www.lakai.com/cdn/shop/files/Manchester_Light_Blue_Suede_Top_Spring2025_Lakai.jpg?v=1743820961&width=1000, https://www.lakai.com/cdn/shop/files/Manchester_Light_Blue_Suede_Sole_Spring2025_Lakai.jpg?v=1743820961&width=1000","The Manchester continues to be the people's choice since we first introduced this shoe in 2007. Simple Ingredients - A clean toe, basic panels and classic vulcanized construction combined with the Lakai flare are all that's needed to create of skateboarding's most iconic shoes.",https://www.lakai.com/products/manchester-light-blue-suede-ms1250200a00,manchester-light-blue-suede-ms1250200a00
shoes,Manchester,: TAN/GUM SUEDE,$79.95,"https://www.lakai.com/cdn/shop/files/Manchester_Tan_Gum_Suede_Main_Spring2025_Lakai.jpg?v=1743759868&width=1000, https://www.lakai.com/cdn/shop/files/Manchester_Tan_Gum_Suede_Side_Spring2025_Lakai.jpg?v=1743759881&width=1000, https://www.lakai.com/cdn/shop/files/Manchester_Tan_Gum_Suede_UpperMedial_Spring2025_Lakai.jpg?v=1743759890&width=1000, https://www.lakai.com/cdn/shop/files/Manchester_Tan_Gum_Top_UpperMedial_Spring2025_Lakai.jpg?v=1743759902&width=1000, https://www.lakai.com/cdn/shop/files/Manchester_Tan_Gum_Suede_Sole_Spring2025_Lakai.jpg?v=1743759934&width=1000","The Manchester continues to be the people's choice since we first introduced this shoe in 2007. Simple Ingredients - A clean toe, basic panels and classic vulcanized construction combined with the Lakai flare are all that's needed to create of skateboarding's most iconic shoes.",https://www.lakai.com/products/manchester-tan-gum-suede-ms1250200a00,manchester-tan-gum-suede-ms1250200a00
shoes,Manchester,: WHITE CANVAS PRINT,$79.95,"https://www.lakai.com/cdn/shop/files/Manchester_Canvas_Print_Main_Spring2025_Lakai.jpg?v=1743760011&width=1000, https://www.lakai.com/cdn/shop/files/Manchester_Canvas_Print_Side_Spring2025_Lakai.jpg?v=1743760023&width=1000, https://www.lakai.com/cdn/shop/files/Manchester_Canvas_Print_UpperMedial_Spring2025_Lakai.jpg?v=1743760035&width=1000, https://www.lakai.com/cdn/shop/files/Manchester_Canvas_Print_Top_Spring2025_Lakai.jpg?v=1743760050&width=1000, https://www.lakai.com/cdn/shop/files/Manchester_Canvas_Print_Sole_Spring2025_Lakai.jpg?v=1743760062&width=1000","The Manchester continues to be the people's choice since we first introduced this shoe in 2007. Simple Ingredients - A clean toe, basic panels and classic vulcanized construction combined with the Lakai flare are all that's needed to create of skateboarding's most iconic shoes. This shoe is part of an iconic collab with artist Jay Howell.",https://www.lakai.com/products/manchester-white-canvas-print-ms1250200a00,manchester-white-canvas-print-ms1250200a00
shoes,Newport,: BLACK SUEDE,$74.95,"https://www.lakai.com/cdn/shop/files/Newport_Black_Suede_Main_Spring2025_Lakai.jpg?v=1743824636&width=1000, https://www.lakai.com/cdn/shop/files/Newport_Black_Suede_Side_Spring2025_Lakai.jpg?v=1743824655&width=1000, https://www.lakai.com/cdn/shop/files/Newport_Black_Suede_UpperMedial_Spring2025_Lakai.jpg?v=1743824679&width=1000, https://www.lakai.com/cdn/shop/files/Newport_Black_Suede_Top_Spring2025_Lakai.jpg?v=1743824690&width=1000, https://www.lakai.com/cdn/shop/files/Newport_Black_Suede_Sole_Spring2025_Lakai.jpg?v=1743824706&width=1000, https://www.lakai.com/cdn/shop/products/NEWPORT_BLACK-SUEDE_MS1240251A00_BLKSD_02.jpg?v=1743824636&width=1000, https://www.lakai.com/cdn/shop/products/NEWPORT_BLACK-SUEDE_MS1240251A00_BLKSD_03.jpg?v=1743824636&width=1000, https://www.lakai.com/cdn/shop/files/Q124D2images073.jpg?v=1743824636&width=1000, https://www.lakai.com/cdn/shop/files/Newport_013_film_grain.jpg?v=1743824636&width=1000, https://www.lakai.com/cdn/shop/files/Newport_014_film_grain.jpg?v=1743824636&width=1000, https://www.lakai.com/cdn/shop/files/Newport_024_film_grain.jpg?v=1743824636&width=1000, https://www.lakai.com/cdn/shop/files/Newport_025_film_grain.jpg?v=1743824636&width=1000, https://www.lakai.com/cdn/shop/files/Newport_015_film_grain.jpg?v=1743824636&width=1000, https://www.lakai.com/cdn/shop/files/Newport_016_film_grain.jpg?v=1743824636&width=1000","The Newport blends high-performance with a minimal look. The upper has refined bold branding, breathable tongue, with a blend of durable suede and leather materials. Our new PARA-MOUNT™ outsole technology consists of dual density rubber that provides cushioning that challenges a cupsole. The Hex-tread pattern is designed for maximum board feel. Each Hex pod moves independently which gives 360 degrees of flexibility. The new premium foam DELUX-LITE™ sockliner is designed with a deep heel cup for stability and contoured arch for comfort.",https://www.lakai.com/products/newport-black-suede-ms1240251a00,newport-black-suede-ms1240251a00
shoes,Newport,: LIGHT YELLOW SUEDE,$74.95,"https://www.lakai.com/cdn/shop/files/Newport_Light_Yellow_Suede_Main_Spring2025_Lakai.jpg?v=1743824950&width=1000, https://www.lakai.com/cdn/shop/files/Newport_Light_Yellow_Suede_Side_Spring2025_Lakai.jpg?v=1743824966&width=1000, https://www.lakai.com/cdn/shop/files/Newport_Light_Yellow_Suede_UpperMedial_Spring2025_Lakai.jpg?v=1743824978&width=1000, https://www.lakai.com/cdn/shop/files/Newport_Light_Yellow_Suede_Top_Spring2025_Lakai.jpg?v=1743824995&width=1000, https://www.lakai.com/cdn/shop/files/Newport_Light_Yellow_Suede_Sole_Spring2025_Lakai.jpg?v=1743825042&width=1000","The Newport blends high-performance with a minimal look. The upper has refined bold branding, breathable tongue, with a blend of durable suede and leather materials. Our new PARA-MOUNT™ outsole technology consists of dual density rubber that provides cushioning that challenges a cupsole. The Hex-tread pattern is designed for maximum board feel. Each Hex pod moves independently which gives 360 degrees of flexibility. The new premium foam DELUX-LITE™ sockliner is designed with a deep heel cup for stability and contoured arch for comfort.",https://www.lakai.com/products/newport-light-yellow-suede-ms1250251a00,newport-light-yellow-suede-ms1250251a00
shoes,Newport HI,: BLACK SUEDE,$79.95,"https://www.lakai.com/cdn/shop/files/Newport_Hi_Black_Suede_Main_Spring2025_Lakai.jpg?v=1743824765&width=1000, https://www.lakai.com/cdn/shop/files/Newport_Hi_Black_Suede_Side_Spring2025_Lakai.jpg?v=1743824787&width=1000, https://www.lakai.com/cdn/shop/files/Newport_Hi_Black_Suede_UpperMedial_Spring2025_Lakai.jpg?v=1743824802&width=1000, https://www.lakai.com/cdn/shop/files/Newport_Hi_Black_Suede_Top_Spring2025_Lakai.jpg?v=1743824819&width=1000, https://www.lakai.com/cdn/shop/files/Newport_Hi_Black_Suede_Sole_Spring2025_Lakai.jpg?v=1743824828&width=1000","Designed to be simple but loaded with performance. Built with the same comfort and support as the Bristol. The upper has refined bold branding, breathable tongue, with a blend of durable suede and leather materials. Our new PARA-MOUNT™ outsole technology consists of dual density rubber that provides cushioning that challenges a cupsole. The Hex-tread pattern is designed for maximum board feel. Each Hex pod moves independently which gives 360 degrees of flexibility. The new premium foam DELUX-LITE™ sockliner is designed with a deep heel cup for stability and contoured arch for comfort. This shoe is part of our iconic collaboration with artist Jay Howell.",https://www.lakai.com/products/newport-hi-black-suede-ms1250253a00,newport-hi-black-suede-ms1250253a00
shoes,Owen VLK,: BLACK SUEDE,$74.95,"https://www.lakai.com/cdn/shop/files/Owen_VLK_Black_Suede_Main_Spring2025_Lakai.jpg?v=1743825150&width=1000, https://www.lakai.com/cdn/shop/files/Owen_VLK_Black_Suede_Side_Spring2025_Lakai.jpg?v=1743825163&width=1000, https://www.lakai.com/cdn/shop/files/Owen_VLK_Black_Suede_UpperMedial_Spring2025_Lakai.jpg?v=1743825176&width=1000, https://www.lakai.com/cdn/shop/files/Owen_VLK_Black_Suede_Top_Spring2025_Lakai.jpg?v=1743825188&width=1000, https://www.lakai.com/cdn/shop/files/Owen_VLK_Black_Suede_Sole_Spring2025_Lakai.jpg?v=1743825205&width=1000","The Owen sets out to be the most skate-friendly slip-on in the business, but easily transcends strictly skateboarding. The defining feature of the updated OWEN is our VLK performance sole. A classic take on modern vulcanization. The ultra-fitted, all suede upper is ideal for the rigors of every day use and the crafted midsole with lux-lite insole provide extreme cushion and comfort. Details include striped, nylon webbed hit at tongue and heel, cover stitched/perfed toe panel highlight and 3-D printed flare at rear heel. Slip into satisfaction!",https://www.lakai.com/products/owen-vlk-black-suede-ms1170232a00,owen-vlk-black-suede-ms1170232a00
shoes,Owen VLK,: LIGHT GREY SUEDE,$74.95,"https://www.lakai.com/cdn/shop/files/Owen_VLK_Light_Grey_Suede_Main_Spring2025_Lakai.jpg?v=1743825451&width=1000, https://www.lakai.com/cdn/shop/files/Owen_VLK_Light_Grey_Suede_Side_Spring2025_Lakai.jpg?v=1743825463&width=1000, https://www.lakai.com/cdn/shop/files/Owen_VLK_Light_Grey_Suede_UpperMedial_Spring2025_Lakai.jpg?v=1743825475&width=1000, https://www.lakai.com/cdn/shop/files/Owen_VLK_Light_Grey_Suede_Top_Spring2025_Lakai.jpg?v=1743825490&width=1000, https://www.lakai.com/cdn/shop/files/Owen_VLK_Light_Grey_Suede_Sole_Spring2025_Lakai.jpg?v=1743825500&width=1000, https://www.lakai.com/cdn/shop/files/Owen_VLK_Light_Grey_Suede_MS1250232A00_Lifestyle_Portrait_Liam_Cavanaugh_4_1_1.jpg?v=1743825451&width=1000","The Light Grey Suede Owen sets out to be the most skate-friendly slip-on in the business, but easily transcends strictly skateboarding. The ultra-fitted upper is ideal for the rigors of every day use and the crafted midsole with lux-lite insole provide extreme cushion and comfort. Details include striped, nylon webbed hit at tongue and heel, cover stitched/perfed toe panel highlight and flare at rear heel. Slip into satisfaction!",https://www.lakai.com/products/owen-vlk-light-grey-suede-ms1250232a00,owen-vlk-light-grey-suede-ms1250232a00
shoes,Telford Low,: BLACK/TECH SUEDE,$84.95,"https://www.lakai.com/cdn/shop/files/Telford_Low_Black_Tech_Suede_Main_Spring2025_Lakai.jpg?v=1743825998&width=1000, https://www.lakai.com/cdn/shop/files/Telford_Low_Black_Low_Suede_Side_Spring2025_Lakai.jpg?v=1743826021&width=1000, https://www.lakai.com/cdn/shop/files/Telford_Low_Black_Low_Suede_UpperMedial_Spring2025_Lakai.jpg?v=1743826032&width=1000, https://www.lakai.com/cdn/shop/files/Telford_Low_Black_Low_Suede_Top_Spring2025_Lakai.jpg?v=1743826043&width=1000, https://www.lakai.com/cdn/shop/files/Telford_Low_Black_Low_Suede_Sole_Spring2025_Lakai.jpg?v=1743826053&width=1000","The Telford low is built on our durable XLK cupsole with “pod” tread grip. Lightweight, flexible and comfortable right out of the box. Timeless silhouette designed for skateboarding.",https://www.lakai.com/products/telford-low-black-tech-suede-ms1250262b00,telford-low-black-tech-suede-ms1250262b00
shoes,Telford Low,: ROSE SUEDE,$84.95,"https://www.lakai.com/cdn/shop/files/Telford_Low_Rose_Suede_Main_Spring2025_Lakai.jpg?v=1743826128&width=1000, https://www.lakai.com/cdn/shop/files/Telford_Low_Rose_Suede_ms1250262800_Lifestyle__Skateboard_Portrait_25Q1_Max_McGuire_1_1_2.jpg?v=1743835984&width=1000, https://www.lakai.com/cdn/shop/files/Telford_Low_Rose_Suede_UpperMedial_Spring2025_Lakai.jpg?v=1743835984&width=1000, https://www.lakai.com/cdn/shop/files/Telford_Low_Rose_Suede_Top_Spring2025_Lakai.jpg?v=1744877234&width=1000, https://www.lakai.com/cdn/shop/files/Telford_Low_Rose_Suede_Sole_Spring2025_Lakai.jpg?v=1744877234&width=1000, https://www.lakai.com/cdn/shop/files/Telford_Low_Rose_Suede_Side_Spring2025_Lakai.jpg?v=1744877233&width=1000","The Rose Telford low is built on our durable XLK cupsole with “pod” tread grip. Lightweight, flexible and comfortable right out of the box. Timeless silhouette designed for skateboarding.",https://www.lakai.com/products/telford-low-rose-suede-ms1250262b00,telford-low-rose-suede-ms1250262b00
shoes,Telford Low,: WHITE/BLACK LEATHER,$84.95,"https://www.lakai.com/cdn/shop/files/Telford_Low_White_Black_Leather_Main_Spring2025_Lakai.jpg?v=1743826289&width=1000, https://www.lakai.com/cdn/shop/files/Telford_Low_White_Black_Leather_Side_Spring2025_Lakai.jpg?v=1743826303&width=1000, https://www.lakai.com/cdn/shop/files/Telford_Low_White_Black_Leather_UpperMedial_Spring2025_Lakai.jpg?v=1743826315&width=1000, https://www.lakai.com/cdn/shop/files/Telford_Low_White_Black_Leather_Top_Spring2025_Lakai.jpg?v=1743826328&width=1000, https://www.lakai.com/cdn/shop/files/Telford_Low_White_Black_Leather_Sole_Spring2025_Lakai.jpg?v=1743826337&width=1000, https://www.lakai.com/cdn/shop/files/Telford_Low__White_Black_Suede_MS1250262B00_Lifestyle_Portrait_Liam_Cavanaugh_12_2_1.jpg?v=1743826289&width=1000, https://www.lakai.com/cdn/shop/files/Telford_Low__White_Black_Suede_MS1250262B00_Lifestyle_Portrait_Liam_Cavanaugh_19_1_1.jpg?v=1743826289&width=1000, https://www.lakai.com/cdn/shop/files/Telford_Low__White_Black_Suede_MS1250262B00_Lifestyle_Portrait_Liam_Cavanaugh_22_1_1.jpg?v=1743826289&width=1000","The Telford low is built on our durable XLK cupsole with “pod” tread grip. Lightweight, flexible and comfortable right out of the box. Timeless silhouette designed for skateboarding.",https://www.lakai.com/products/telford-low-white-black-leather-ms1250262b00,telford-low-white-black-leather-ms1250262b00
shoes,York,: BLACK/WHITE SUEDE,$74.95,"https://www.lakai.com/cdn/shop/files/York_Black_White_Suede_Main_Spring2025_Lakai.jpg?v=1743826736&width=1000, https://www.lakai.com/cdn/shop/files/York_Black_White_Suede_Side_Spring2025_Lakai.jpg?v=1743826749&width=1000, https://www.lakai.com/cdn/shop/files/York_Black_White_Suede_UpperMedial_Spring2025_Lakai.jpg?v=1743826760&width=1000, https://www.lakai.com/cdn/shop/files/York_Black_White_Suede_Top_Spring2025_Lakai.jpg?v=1743826769&width=1000, https://www.lakai.com/cdn/shop/files/York_Black_White_Suede_Sole_Spring2025_Lakai.jpg?v=1743826778&width=1000","The York is our newest vulcanized team model. Its features include a high wrap toecap to help prevent blowouts, optional lace protection, bold logo branding and durable suede overlays. The York upper offers a technical design, with a clean aesthetic, and is placed on our classic vulcanized outsole also seen on the Griffin and Newport.",https://www.lakai.com/products/york-black-white-suede-ms3240236a00,york-black-white-suede-ms3240236a00
shoes,York,: WHITE/BLACK SUEDE,$74.95,"https://www.lakai.com/cdn/shop/files/York_White_Black_Suede_Main_Spring2025_Lakai.jpg?v=1743826822&width=1000, https://www.lakai.com/cdn/shop/files/Untitled_design_11.png?v=1744166193&width=1000, https://www.lakai.com/cdn/shop/files/Screenshot_2025-04-08_at_7.41.05_PM.png?v=1744166669&width=1000, https://www.lakai.com/cdn/shop/files/Screenshot_2025-04-08_at_7.44.09_PM.png?v=1744166669&width=1000, https://www.lakai.com/cdn/shop/files/York_White_Black_Suede_Side_Spring2025_Lakai.jpg?v=1744166669&width=1000, https://www.lakai.com/cdn/shop/files/York_White_Black_Suede_UpperMedial_Spring2025_Lakai.jpg?v=1744166669&width=1000, https://www.lakai.com/cdn/shop/files/York_White_Black_Suede_Top_Spring2025_Lakai.jpg?v=1744166669&width=1000, https://www.lakai.com/cdn/shop/files/York_White_Black_Suede_Sole_Spring2025_Lakai.jpg?v=1744166669&width=1000","The York is our newest vulcanized team model. Its features include a high wrap toecap to help prevent blowouts, optional lace protection, bold logo branding and durable suede overlays. The York upper offers a technical design, with a clean aesthetic, and is placed on our classic vulcanized outsole also seen on the Griffin and Newport.",https://www.lakai.com/products/york-white-black-suede-ms1250236a00,york-white-black-suede-ms1250236a00
apparel,Logo Pullover Hoodie,: BLACK,$74.95,"https://www.lakai.com/cdn/shop/files/LakaiLOGOPULLOVERBlack_2.jpg?v=1743817898&width=1000, https://www.lakai.com/cdn/shop/files/LakaiLOGOPULLOVERBlack_3_-Copy.jpg?v=1743817898&width=1000","Clean, classic, subtle the Basic Pullover Hoodie will keep you covered, featuring Lakai branding on the front.",https://www.lakai.com/products/logo-pullover-hoodie-black,logo-pullover-hoodie-black
apparel,Logo Pullover Hoodie,: HEATHER GREY,$74.95,"https://www.lakai.com/cdn/shop/files/LakaiLOGOPULLOVERHeatherGrey_3.jpg?v=1743817898&width=1000, https://www.lakai.com/cdn/shop/files/LakaiLOGOPULLOVERHeatherGrey_1.jpg?v=1743817898&width=1000","Clean, classic, subtle the Basic Pullover Hoodie will keep you covered, featuring Lakai branding on the front.",https://www.lakai.com/products/logo-pullover-hoodie-heather-grey,logo-pullover-hoodie-heather-grey
apparel,Flare Pullover Hoodie,: HEATHER GREY,$74.95,"https://www.lakai.com/cdn/shop/files/LakaiFLAREPULLOVERHeatherGrey_2.jpg?v=1743817263&width=1000, https://www.lakai.com/cdn/shop/files/LakaiFLAREPULLOVERHeatherGrey_3.jpg?v=1743817263&width=1000","Clean, classic, subtle the Basic Pullover Hoodie will keep you covered, featuring Lakai branding on the front.",https://www.lakai.com/products/flare-pullover-hoodie-heather-grey,flare-pullover-hoodie-heather-grey
apparel,Flare Pullover Hoodie,: BLACK,$74.95,"https://www.lakai.com/cdn/shop/files/Lakai_FLARE_PULLOVER_Black_1.jpg?v=1743817263&width=1000, https://www.lakai.com/cdn/shop/files/Lakai_FLARE_PULLOVER_Black_3.jpg?v=1743817263&width=1000","Clean, classic, subtle the Basic Pullover Hoodie will keep you covered, featuring Lakai branding on the front.",https://www.lakai.com/products/flare-pullover-hoodie,flare-pullover-hoodie
apparel,Flare SS Tee,: WHITE,$34.95,https://www.lakai.com/cdn/shop/files/Lakai_FLARE_TEE_White_2.jpg?v=1743651770&width=1000,"Classic fit for comfort, keeps its shape after wash and in the streets, gear up in the Lakai Flare T-Shirt.",https://www.lakai.com/products/flare-ss-tee-white,flare-ss-tee-white
apparel,Flare SS Tee,: BLACK,$34.95,https://www.lakai.com/cdn/shop/files/LakaiFLARETEEBlack_2.jpg?v=1743651770&width=1000,"Classic fit for comfort, keeps its shape after wash and in the streets, gear up in the Lakai Basic T-Shirt.",https://www.lakai.com/products/flare-ss-tee-black,flare-ss-tee-black
apparel,Flare SS Tee,: SLATE,$34.95,https://www.lakai.com/cdn/shop/files/LakaiFLARETEESlate_1.jpg?v=1743651770&width=1000,"Classic fit for comfort, keeps its shape after wash and in the streets, gear up in the Lakai Flare T-Shirt.",https://www.lakai.com/products/flare-ss-tee-slate,flare-ss-tee-slate
apparel,Flare SS Tee,: BROWN,$34.95,"https://www.lakai.com/cdn/shop/files/LakaiFLARETEEBrown_2.jpg?v=1743651770&width=1000, https://www.lakai.com/cdn/shop/files/Lakai_FLARE_TEE_Brown_1.jpg?v=1744597917&width=1000","Classic fit for comfort, keeps its shape after wash and in the streets, gear up in the Lakai Flare T-Shirt.",https://www.lakai.com/products/flare-ss-tee-brown,flare-ss-tee-brown
apparel,Logo SS Tee,: BLACK,$34.95,https://www.lakai.com/cdn/shop/files/LakaiLOGOTEEBlack_2.jpg?v=1743571011&width=1000,"Classic fit for comfort, keeps its shape after wash and in the streets, gear up in the Lakai Logo T-Shirt.",https://www.lakai.com/products/logo-ss-tee-black,logo-ss-tee-black
apparel,Logo SS Tee,: WHITE,$34.95,https://www.lakai.com/cdn/shop/files/LakaiLOGOTEEWhite_2.jpg?v=1743570918&width=1000,"Classic fit for comfort, keeps its shape after wash and in the streets, gear up in the Lakai Logo T-Shirt.",https://www.lakai.com/products/logo-ss-tee-white,logo-ss-tee-white
apparel,Logo SS Tee,: SLATE,$34.95,https://www.lakai.com/cdn/shop/files/LakaiLOGOTEESlate_1.jpg?v=1743570988&width=1000,"Classic fit for comfort, keeps its shape after wash and in the streets, gear up in the Lakai Logo T-Shirt.",https://www.lakai.com/products/logo-ss-tee-slate,logo-ss-tee-slate
JBjgH]t](2~4lMIK